<GDAL_WMS>
  <Service name="TMS">
    <ServerUrl>http://s3.amazonaws.com/com.modestmaps.bluemarble/${z}-r${y}-c${x}.jpg</ServerUrl>
  </Service>
  <DataWindow>
    <UpperLeftX>-20037508.34</UpperLeftX>
    <UpperLeftY>20037508.34</UpperLeftY>
    <LowerRightX>20037508.34</LowerRightX>
    <LowerRightY>-20037508.34</LowerRightY>
    <TileLevel>9</TileLevel>
    <TileCountX>1</TileCountX>
    <TileCountY>1</TileCountY>
    <YOrigin>top</YOrigin>
  </DataWindow>
  <Projection>EPSG:900913</Projection>
  <BlockSizeX>256</BlockSizeX>
  <BlockSizeY>256</BlockSizeY>
  <BandsCount>3</BandsCount>
  <Cache/>
</GDAL_WMS>

